Workbook

Sheet Sheet1
A1: nombre_alumno | B1: numero_documento | C1: numero_matriculas | D1: numero_convocatorias | E1: observacion | F1: email | G1: telefono
A2: ACUÑA MENESES, DANIEL EDUARDO | B2: 1097183856 | C2: 1 | D2: 1 | F2: daniel.acuname@unipaz.edu.co | G2: 3214781230
A3: AGAMEZ SANTOS, JORGE ANDRES | B3: 1096801641 | C3: 1 | D3: 1 | F3: jorge.agamez@unipaz.edu.co | G3: 3207302363
A4: AMAYA DURAN, ARNULFO ELIAS | B4: 1097183668 | C4: 1 | D4: 1 | F4: arnulfo.amayadur@unipaz.edu.co | G4: 3175056162
A5: DIAZ MENDOZA, JOSE LUIS | B5: 1096200627 | C5: 1 | D5: 1 | F5: jose.diazme@unipaz.edu.co | G5: 3186804924
A6: ESCOBAR MOSCOTE, LEONARDO | B6: 1096246370 | C6: 1 | D6: 1 | F6: leonardo.escobarmo@unipaz.edu.co | G6: 3243615961
A7: GAMARRA CAMPO, OSCAR DAMIAN | B7: 1051634628 | C7: 1 | D7: 1 | F7: oscar.gamarraca@unipaz.edu.co | G7: 3170407651
A8: GRIMALDO JARAMILLO, JUAN SEBASTIAN | B8: 1096802843 | C8: 1 | D8: 1 | F8: juan.grimaldoja@unipaz.edu.co | G8: 3106688693
A9: HERNÁNDEZ PARRA, LUIS EDUARDO | B9: 1102373572 | C9: 1 | D9: 1 | F9: luis.hernandezpa@unipaz.edu.co | G9: 3154773780
A10: HOYOS TOLOZA, JHORJAN DANIEL | B10: 1005186689 | C10: 1 | D10: 1 | F10: jhorjand.hoyostol@unipaz.edu.co | G10: 3219551061
A11: MEJIA MIELES, KEINER ANDRES | B11: 1051634775 | C11: 1 | D11: 1 | F11: keiner.mejiami@unipaz.edu.co | G11: 3106755991
A12: OSPINO MONTOYA, HILLARY DANIELA | B12: 1005185382 | C12: 1 | D12: 1 | F12: hillary.ospinomo@unipaz.edu.co | G12: 3245068852
A13: SALAS GALVAN, JHOEL FABIAN | B13: 1005221431 | C13: 1 | D13: 1 | F13: jhoel.salasga@unipaz.edu.co | G13: 0
... A20: YURANI GOMEZ, ANGELICA YURANI | B20: 1095800511 | C20: 1 | D20: 1 | F20: angelica.yuranigo@unipaz.edu.co | G20: 3227161980

Sheet Hoja1
A1: Registro de Notas — CORTE II
A2: Pesos de evaluación: | C2: Parcial 60% | D2: Talleres 30% | E2: Quiz 10%
A3: # | B3: Nombre Completo | C3: Código Estudiantil | D3: Parcial (60%) | E3: Talleres (30%) | F3: Quiz (10%) | G3: Nota Definitiva | H3: Resultado
A4: 1 | B4: =Sheet1!A2 -> ACUÑA MENESES, DANIEL EDUARDO | C4: =Sheet1!B2 -> 1097183856 | E4: 4.5 | F4: 4.5 | G4: =IF(AND(D4<>"",E4<>"",F4<>""),D4*0.6+E4*0.3+F4*0.1,"") | H4: =IF(G4="","",IF(G4>=3,"APROBADO","REPROBADO"))
A5: 2 | B5: =Sheet1!A3 -> AGAMEZ SANTOS, JORGE ANDRES | C5: =Sheet1!B3 -> 1096801641 | E5: 4.5 | F5: 4.5 | G5: =IF(AND(D5<>"",E5<>"",F5<>""),D5*0.6+E5*0.3+F5*0.1,"") | H5: =IF(G5="","",IF(G5>=3,"APROBADO","REPROBADO"))
A6: 3 | B6: =Sheet1!A4 -> AMAYA DURAN, ARNULFO ELIAS | C6: =Sheet1!B4 -> 1097183668 | E6: 4.5 | F6: 4.5 | G6: =IF(AND(D6<>"",E6<>"",F6<>""),D6*0.6+E6*0.3+F6*0.1,"") | H6: =IF(G6="","",IF(G6>=3,"APROBADO","REPROBADO"))
A7: 4 | B7: =Sheet1!A5 -> DIAZ MENDOZA, JOSE LUIS | C7: =Sheet1!B5 -> 1096200627 | D7: 5 | E7: 4.5 | F7: 4.5 | G7: =IF(AND(D7<>"",E7<>"",F7<>""),D7*0.6+E7*0.3+F7*0.1,"") -> 4.8 | H7: =IF(G7="","",IF(G7>=3,"APROBADO","REPROBADO")) -> APROBADO
A8: 5 | B8: =Sheet1!A6 -> ESCOBAR MOSCOTE, LEONARDO | C8: =Sheet1!B6 -> 1096246370 | E8: 4.5 | F8: 4.5 | G8: =IF(AND(D8<>"",E8<>"",F8<>""),D8*0.6+E8*0.3+F8*0.1,"") | H8: =IF(G8="","",IF(G8>=3,"APROBADO","REPROBADO"))
A9: 6 | B9: =Sheet1!A7 -> GAMARRA CAMPO, OSCAR DAMIAN | C9: =Sheet1!B7 -> 1051634628 | E9: 4.5 | F9: 4.5 | G9: =IF(AND(D9<>"",E9<>"",F9<>""),D9*0.6+E9*0.3+F9*0.1,"") | H9: =IF(G9="","",IF(G9>=3,"APROBADO","REPROBADO"))
A10: 7 | B10: =Sheet1!A8 -> GRIMALDO JARAMILLO, JUAN SEBASTIAN | C10: =Sheet1!B8 -> 1096802843 | E10: 4.5 | F10: 4.5 | G10: =IF(AND(D10<>"",E10<>"",F10<>""),D10*0.6+E10*0.3+F10*0.1,"") | H10: =IF(G10="","",IF(G10>=3,"APROBADO","REPROBADO"))
A11: 8 | B11: =Sheet1!A9 -> HERNÁNDEZ PARRA, LUIS EDUARDO | C11: =Sheet1!B9 -> 1102373572 | D11: 5 | E11: 4.5 | F11: 4.5 | G11: =IF(AND(D11<>"",E11<>"",F11<>""),D11*0.6+E11*0.3+F11*0.1,"") -> 4.8 | H11: =IF(G11="","",IF(G11>=3,"APROBADO","REPROBADO")) -> APROBADO
A12: 9 | B12: =Sheet1!A10 -> HOYOS TOLOZA, JHORJAN DANIEL | C12: =Sheet1!B10 -> 1005186689 | E12: 4.5 | F12: 4.5 | G12: =IF(AND(D12<>"",E12<>"",F12<>""),D12*0.6+E12*0.3+F12*0.1,"") | H12: =IF(G12="","",IF(G12>=3,"APROBADO","REPROBADO"))
A13: 10 | B13: =Sheet1!A11 -> MEJIA MIELES, KEINER ANDRES | C13: =Sheet1!B11 -> 1051634775 | E13: 4.5 | F13: 4.5 | G13: =IF(AND(D13<>"",E13<>"",F13<>""),D13*0.6+E13*0.3+F13*0.1,"") | H13: =IF(G13="","",IF(G13>=3,"APROBADO","REPROBADO"))
A14: 11 | B14: =Sheet1!A12 -> OSPINO MONTOYA, HILLARY DANIELA | C14: =Sheet1!B12 -> 1005185382 | E14: 4.5 | F14: 4.5 | G14: =IF(AND(D14<>"",E14<>"",F14<>""),D14*0.6+E14*0.3+F14*0.1,"") | H14: =IF(G14="","",IF(G14>=3,"APROBADO","REPROBADO"))
A15: 12 | B15: =Sheet1!A13 -> SALAS GALVAN, JHOEL FABIAN | C15: =Sheet1!B13 -> 1005221431 | E15: 4.5 | F15: 4.5 | G15: =IF(AND(D15<>"",E15<>"",F15<>""),D15*0.6+E15*0.3+F15*0.1,"") | H15: =IF(G15="","",IF(G15>=3,"APROBADO","REPROBADO"))
A16: 13 | B16: =Sheet1!A14 -> SEPULVEDA RUEDA, XAVI DAMEK | C16: =Sheet1!B14 -> 1097184508 | E16: 4.5 | F16: 4.5 | G16: =IF(AND(D16<>"",E16<>"",F16<>""),D16*0.6+E16*0.3+F16*0.1,"") | H16: =IF(G16="","",IF(G16>=3,"APROBADO","REPROBADO"))
A17: 14 | B17: =Sheet1!A15 -> SUAREZ ROVIRA, YEISON DONATO | C17: =Sheet1!B15 -> 1096225235 | E17: 4.5 | F17: 4.5 | G17: =IF(AND(D17<>"",E17<>"",F17<>""),D17*0.6+E17*0.3+F17*0.1,"") | H17: =IF(G17="","",IF(G17>=3,"APROBADO","REPROBADO"))
A18: 15 | B18: =Sheet1!A16 -> TORRES VANEGAS, LUIS ALEXANDER | C18: =Sheet1!B16 -> 1052954359 | G18: 0 | H18: =IF(G18="","",IF(G18>=3,"APROBADO","REPROBADO")) -> REPROBADO
A19: 16 | B19: =Sheet1!A17 -> VARGAS RIVERA, SAMUEL | C19: =Sheet1!B17 -> 1097783299 | E19: 4.5 | F19: 4.5 | G19: =IF(AND(D19<>"",E19<>"",F19<>""),D19*0.6+E19*0.3+F19*0.1,"") | H19: =IF(G19="","",IF(G19>=3,"APROBADO","REPROBADO"))
A20: 17 | B20: =Sheet1!A18 -> VELEÑO JIMENEZ, SEBASTIAN | C20: =Sheet1!B18 -> 1039681626 | E20: 4.5 | F20: 4.5 | G20: =IF(AND(D20<>"",E20<>"",F20<>""),D20*0.6+E20*0.3+F20*0.1,"") | H20: =IF(G20="","",IF(G20>=3,"APROBADO","REPROBADO"))
A21: 18 | B21: =Sheet1!A19 -> VILLAMIZAR MEJIA, MAICOL DANIEL | C21: =Sheet1!B19 -> 1005462180 | E21: 4.5 | F21: 4.5 | G21: =IF(AND(D21<>"",E21<>"",F21<>""),D21*0.6+E21*0.3+F21*0.1,"") | H21: =IF(G21="","",IF(G21>=3,"APROBADO","REPROBADO"))
A22: 19 | B22: =Sheet1!A20 -> YURANI GOMEZ, ANGELICA YURANI | C22: =Sheet1!B20 -> 1095800511 | E22: 4.5 | F22: 4.5 | G22: =IF(AND(D22<>"",E22<>"",F22<>""),D22*0.6+E22*0.3+F22*0.1,"") | H22: =IF(G22="","",IF(G22>=3,"APROBADO","REPROBADO"))
